-- SQLite

-- Create table EMPLOYEES
CREATE TABLE EMPLOYEES(
   EMP_ID     CHAR(5) NOT NULL PRIMARY KEY
  ,F_NAME     VARCHAR(7) NOT NULL
  ,L_NAME     VARCHAR(7) NOT NULL
  ,SSN        CHAR(6) NOT NULL
  ,B_DATE     DATE  NOT NULL
  ,SEX        CHAR(1) NOT NULL
  ,ADDRESS    VARCHAR(28) NOT NULL
  ,JOB_ID     CHAR(3) NOT NULL
  ,SALARY    MONEY NOT NULL
  ,MANAGER_ID CHAR(5) NOT NULL
  ,DEP_ID     CHAR(1) NOT NULL
);
INSERT INTO EMPLOYEES(EMP_ID,F_NAME,L_NAME,SSN,B_DATE,SEX,ADDRESS,JOB_ID,SALARY,MANAGER_ID,DEP_ID) VALUES ('E1001','John','Thomas','123456','01-09-1976','M','5631 Rice, OakPark,IL','100',100000,'30001','2');
INSERT INTO EMPLOYEES(EMP_ID,F_NAME,L_NAME,SSN,B_DATE,SEX,ADDRESS,JOB_ID,SALARY,MANAGER_ID,DEP_ID) VALUES ('E1002','Alice','James','123457','07-31-1972','F','980 Berry ln, Elgin,IL','200',80000,'30002','5');
INSERT INTO EMPLOYEES(EMP_ID,F_NAME,L_NAME,SSN,B_DATE,SEX,ADDRESS,JOB_ID,SALARY,MANAGER_ID,DEP_ID) VALUES ('E1003','Steve','Wells','123458','08-10-1980','M','291 Springs, Gary,IL','300',50000,'30002','5');
INSERT INTO EMPLOYEES(EMP_ID,F_NAME,L_NAME,SSN,B_DATE,SEX,ADDRESS,JOB_ID,SALARY,MANAGER_ID,DEP_ID) VALUES ('E1004','Santosh','Kumar','123459','07-20-1985','M','511 Aurora Av, Aurora,IL','400',60000,'30004','5');
INSERT INTO EMPLOYEES(EMP_ID,F_NAME,L_NAME,SSN,B_DATE,SEX,ADDRESS,JOB_ID,SALARY,MANAGER_ID,DEP_ID) VALUES ('E1005','Ahmed','Hussain','123410','01-04-1981','M','216 Oak Tree, Geneva,IL','500',70000,'30001','2');
INSERT INTO EMPLOYEES(EMP_ID,F_NAME,L_NAME,SSN,B_DATE,SEX,ADDRESS,JOB_ID,SALARY,MANAGER_ID,DEP_ID) VALUES ('E1006','Nancy','Allen','123411','02-06-1978','F','111 Green Pl, Elgin,IL','600',90000,'30001','2');
INSERT INTO EMPLOYEES(EMP_ID,F_NAME,L_NAME,SSN,B_DATE,SEX,ADDRESS,JOB_ID,SALARY,MANAGER_ID,DEP_ID) VALUES ('E1007','Mary','Thomas','123412','05-05-1975','F','100 Rose Pl, Gary,IL','650',65000,'30003','7');
INSERT INTO EMPLOYEES(EMP_ID,F_NAME,L_NAME,SSN,B_DATE,SEX,ADDRESS,JOB_ID,SALARY,MANAGER_ID,DEP_ID) VALUES ('E1008','Bharath','Gupta','123413','05-06-1985','M','145 Berry Ln, Naperville,IL','660',65000,'30003','7');
INSERT INTO EMPLOYEES(EMP_ID,F_NAME,L_NAME,SSN,B_DATE,SEX,ADDRESS,JOB_ID,SALARY,MANAGER_ID,DEP_ID) VALUES ('E1009','Andrea','Jones','123414','07-09-1990','F','120 Fall Creek, Gary,IL','234',70000,'30003','7');
INSERT INTO EMPLOYEES(EMP_ID,F_NAME,L_NAME,SSN,B_DATE,SEX,ADDRESS,JOB_ID,SALARY,MANAGER_ID,DEP_ID) VALUES ('E1010','Ann','Jacob','123415','03-30-1982','F','111 Britany Springs,Elgin,IL','220',70000,'30004','5');

-- Create table DEPARTMENTS
CREATE TABLE DEPARTMENTS(
   DEPT_ID_DEP CHAR(1) NOT NULL PRIMARY KEY
  ,DEP_NAME    VARCHAR(15) NOT NULL
  ,MANAGER_ID  CHAR(5) NOT NULL
  ,LOC_ID      CHAR(5) NOT NULL
);
INSERT INTO DEPARTMENTS(DEPT_ID_DEP,DEP_NAME,MANAGER_ID,LOC_ID) VALUES ('2','Architect Group','30001','L0001');
INSERT INTO DEPARTMENTS(DEPT_ID_DEP,DEP_NAME,MANAGER_ID,LOC_ID) VALUES ('5','Software Group','30002','L0002');
INSERT INTO DEPARTMENTS(DEPT_ID_DEP,DEP_NAME,MANAGER_ID,LOC_ID) VALUES ('7','Design Team','30003','L0003');

-- Create table JOBS
CREATE TABLE JOBS(
   JOB_IDENT  CHAR(3) NOT NULL PRIMARY KEY
  ,JOB_TITLE  VARCHAR(21) NOT NULL
  ,MIN_SALARY MONEY NOT NULL
  ,MAX_SALARY MONEY NOT NULL
);
INSERT INTO JOBS(JOB_IDENT,JOB_TITLE,MIN_SALARY,MAX_SALARY) VALUES ('100','Sr. Architect',60000,100000);
INSERT INTO JOBS(JOB_IDENT,JOB_TITLE,MIN_SALARY,MAX_SALARY) VALUES ('200','Sr.Software Developer',60000,80000);
INSERT INTO JOBS(JOB_IDENT,JOB_TITLE,MIN_SALARY,MAX_SALARY) VALUES ('300','Jr.Software Developer',40000,60000);
INSERT INTO JOBS(JOB_IDENT,JOB_TITLE,MIN_SALARY,MAX_SALARY) VALUES ('400','Jr.Software Developer',40000,60000);
INSERT INTO JOBS(JOB_IDENT,JOB_TITLE,MIN_SALARY,MAX_SALARY) VALUES ('500','Jr. Architect',50000,70000);
INSERT INTO JOBS(JOB_IDENT,JOB_TITLE,MIN_SALARY,MAX_SALARY) VALUES ('600','Lead Architect',70000,100000);
INSERT INTO JOBS(JOB_IDENT,JOB_TITLE,MIN_SALARY,MAX_SALARY) VALUES ('650','Jr. Designer',60000,70000);
INSERT INTO JOBS(JOB_IDENT,JOB_TITLE,MIN_SALARY,MAX_SALARY) VALUES ('660','Jr. Designer',60000,70000);
INSERT INTO JOBS(JOB_IDENT,JOB_TITLE,MIN_SALARY,MAX_SALARY) VALUES ('234','Sr. Designer',70000,90000);
INSERT INTO JOBS(JOB_IDENT,JOB_TITLE,MIN_SALARY,MAX_SALARY) VALUES ('220','Sr. Designer',70000,90000);

-- Create table JOB_HISTORY
CREATE TABLE JOB_HISTORY(
   EMPL_ID    CHAR(5) NOT NULL PRIMARY KEY
  ,START_DATE DATE  NOT NULL
  ,JOBS_ID    CHAR(3) NOT NULL
  ,DEPT_ID    CHAR(1) NOT NULL
);
INSERT INTO JOB_HISTORY(EMPL_ID,START_DATE,JOBS_ID,DEPT_ID) VALUES ('E1001','08-01-2000','100','2');
INSERT INTO JOB_HISTORY(EMPL_ID,START_DATE,JOBS_ID,DEPT_ID) VALUES ('E1002','08-01-2001','200','5');
INSERT INTO JOB_HISTORY(EMPL_ID,START_DATE,JOBS_ID,DEPT_ID) VALUES ('E1003','08-16-2001','300','5');
INSERT INTO JOB_HISTORY(EMPL_ID,START_DATE,JOBS_ID,DEPT_ID) VALUES ('E1004','08-16-2000','400','5');
INSERT INTO JOB_HISTORY(EMPL_ID,START_DATE,JOBS_ID,DEPT_ID) VALUES ('E1005','05-30-2000','500','2');
INSERT INTO JOB_HISTORY(EMPL_ID,START_DATE,JOBS_ID,DEPT_ID) VALUES ('E1006','08-16-2001','600','2');
INSERT INTO JOB_HISTORY(EMPL_ID,START_DATE,JOBS_ID,DEPT_ID) VALUES ('E1007','05-30-2002','650','7');
INSERT INTO JOB_HISTORY(EMPL_ID,START_DATE,JOBS_ID,DEPT_ID) VALUES ('E1008','05-06-2010','660','7');
INSERT INTO JOB_HISTORY(EMPL_ID,START_DATE,JOBS_ID,DEPT_ID) VALUES ('E1009','08-16-2016','234','7');
INSERT INTO JOB_HISTORY(EMPL_ID,START_DATE,JOBS_ID,DEPT_ID) VALUES ('E1010','08-16-2016','220','5');

-- Create table LOCATIONS
CREATE TABLE LOCATIONS(
   LOCT_ID    CHAR(5) NOT NULL PRIMARY KEY
  ,DEP_ID_LOC CHAR(1) NOT NULL
);
INSERT INTO LOCATIONS(LOCT_ID,DEP_ID_LOC) VALUES ('L0001','2');
INSERT INTO LOCATIONS(LOCT_ID,DEP_ID_LOC) VALUES ('L0002','5');
INSERT INTO LOCATIONS(LOCT_ID,DEP_ID_LOC) VALUES ('L0003','7');

-- Create table INSTRUCTOR
CREATE TABLE INSTRUCTOR(
	ins_id INTEGER PRIMARY KEY NOT NULL,
	lastname VARCHAR(15) NOT NULL,
	firstname VARCHAR(15) NOT NULL,
	city VARCHAR(15) NOT NULL,
	country CHAR(2) NOT NULL);

-- Insert 1 row into table
INSERT INTO INSTRUCTOR(
	ins_id, lastname, firstname, city, country)
	VALUES(1,'Rav','Ahuja','Toronto','CA');

-- Insert 2 rows into table
INSERT INTO INSTRUCTOR(
	ins_id, lastname, firstname, city, country)
	VALUES(2,'Chong','Raul','Toronto','CA'),
			(3,'Vasudevan','Hima','Chicago','US');

-- Update the row for Rav Ahuja and change his city to Markham.
UPDATE INSTRUCTOR SET city = 'Markham' WHERE ins_id =1;

-- Delete the row for Raul Chong from the table.
DELETE FROM INSTRUCTOR WHERE ins_id = 2;
SELECT * FROM INSTRUCTOR;
